                  epoch,         train/box_loss,         train/cls_loss,         train/dfl_loss,   metrics/precision(B),      metrics/recall(B),       metrics/mAP50(B),    metrics/mAP50-95(B),           val/box_loss,           val/cls_loss,           val/dfl_loss,                 lr/pg0,                 lr/pg1,                 lr/pg2
                      1,                0.85143,                0.30441,                 1.1766,                0.99789,                0.99867,                0.99445,                0.81302,                0.80149,                0.25633,                 1.2363,              0.0033331,              0.0033331,              0.0033331
                      2,                0.86447,                0.31831,                 1.1812,                 0.9979,                 0.9988,                0.99444,                0.81817,                0.79713,                0.25311,                 1.2342,              0.0063364,              0.0063364,              0.0063364
                      3,                0.89251,                 0.3424,                 1.1994,                0.99788,                 0.9988,                0.99442,                0.81761,                0.80193,                0.25357,                 1.2368,              0.0090098,              0.0090098,              0.0090098
                      4,                0.90993,                0.35972,                 1.2108,                0.99773,                0.99882,                0.99439,                0.81651,                0.80567,                0.25491,                 1.2397,               0.008515,               0.008515,               0.008515
                      5,                0.90822,                0.35798,                 1.2096,                0.99757,                0.99878,                 0.9944,                 0.8164,                0.80661,                0.25558,                 1.2406,               0.008515,               0.008515,               0.008515
